Designation (and name),Prov.Des.,q,Q,H,Epoch,M,Peri.,Node,Incl.,e,a,Opps.,Ref.,Discovery date,site,discoverer(s)
,2016 AE193,16.426,53.619,8.2,20160113,0.2,181.9,292.3,10,0.531,35.022,( 4d),MPC xxxxx,1/14/2016,691,Spacewatch
,2015 VV1,6.795,18.566,11,20151025,44.3,188.6,130,17.4,0.464,12.68,( 3d),MPO 357264,11/2/2015,F51,Pan-STARRS 1
,2015 UH67,5.886,13.201,14.1,20151005,0.4,335.8,46.1,20.4,0.383,9.543,( 4d),MPO 357262,10/19/2015,F51,Pan-STARRS 1
,2015 TS350,5.055,279,13.2,20160113,0.4,277,38.3,58.1,0.964,142,( 47d),MPO 361290,10/15/2015,F51,Pan-STARRS 1
,2015 SV20,26.605,85.713,7.7,20151005,11.9,283.4,59.2,6.2,0.526,56.159,( 48d),MPO 357236,9/20/2015,Z79,Calar Alto TNO Survey
,2015 SO20,33.163,292,6.4,20160113,359.7,355,33.6,23.4,0.796,163,4,MPO 358306,9/20/2015,Z79,Calar Alto TNO Survey
,2015 PD312,34.771,74.305,8.1,20150826,356.9,243.7,155,23.1,0.362,54.538,( 55d),MPO 353730,8/15/2015,W84,Dark Energy Survey
,2015 PJ311,6.783,37.775,13.3,20150717,1.4,225,97,18.5,0.696,22.279,( 15d),MPO 346376,8/10/2015,F51,Pan-STARRS 1
,2015 PN291,6.623,22.097,11.5,20160113,340.3,30.7,12.8,9.5,0.539,14.36,2,MPO 347401,8/10/2015,F51,Pan-STARRS 1
,2015 KZ120,8.398,84.294,9.9,20150607,355.7,65.9,250,85.6,0.819,46.346,( 55d),MPO 346334,5/20/2015,F51,Pan-STARRS 1
,2015 HT171,8.174,14.977,12.3,20160113,10.9,139.9,58.7,33.3,0.294,11.576,2,MPO 337150,4/23/2015,F51,Pan-STARRS 1
,2015 HO171,6.641,10.65,11.8,20160113,358.6,63,278.6,33.3,0.232,8.646,2,MPO 349338,4/23/2015,691,Spacewatch
,2015 HX10,10.801,20.492,12.1,20150408,351.3,358.6,220.4,32.5,0.31,15.647,( 5d),MPO 339547,4/18/2015,W84,DECam
,2015 HP9,12.917,37.12,10.6,20150408,0.5,63.6,138,3,0.484,25.018,( 1d),MPO 339547,4/20/2015,F51,Pan-STARRS 1
,2015 FZ117,12.991,34.883,10.5,20150408,9.8,356.1,154.6,6.8,0.457,23.937,( 32d),MPO 339526,3/23/2015,F51,Pan-STARRS 1
,2015 DB216,12.97,25.468,8.3,20160113,307.3,237.7,6.3,37.7,0.325,19.219,2,MPO 336803,2/27/2015,G96,Mt. Lemmon Survey
,2015 CM3,6.943,21.344,12.6,20160113,7.3,163.1,314.9,16.8,0.509,14.144,2,MPO 358246,2/10/2015,G96,Mt. Lemmon Survey
,2015 BF515,16.965,23.823,10,20160113,25.9,104.9,322.4,28.3,0.168,20.394,( 85d),MPO 332707,1/16/2015,F51,Pan-STARRS 1
,2014 WT69,44.546,109,5.7,20141119,0.1,139.6,267.6,10.2,0.419,76.654,( 4d),MPO 322397,11/17/2014,F51,Pan-STARRS 1
,2014 UH192,19.34,68.975,5.8,20141030,43.2,282.4,12.4,19.4,0.562,44.157,( 23d),MPO 322380,10/28/2014,F51,Pan-STARRS 1
,2014 UT114,16.872,45.195,8.5,20141010,359.5,82.1,319.5,15.2,0.456,31.033,( 6d),MPO 315354,10/22/2014,G96,Mt. Lemmon Survey
,2014 TZ33,9.406,67.113,11.1,20160113,1,159.1,171.8,86,0.754,38.259,2,MPO 357218,10/3/2014,G96,Mt. Lemmon Survey
,2014 SB349,21.267,30.373,9.5,20160113,300.4,359.2,117.2,15.5,0.176,25.82,2,MPO 354521,9/24/2014,W84,Dark Energy Survey
,2014 SS303,6.761,19.597,13.8,20160113,10.9,256.4,102.8,3.8,0.487,13.179,(124d),MPO 332544,9/20/2014,F51,Pan-STARRS 1
,2014 SR303,10.334,19.744,11.3,20160113,0.6,7.2,21.7,3,0.313,15.039,2,MPO 350506,9/19/2014,F51,Pan-STARRS 1
,2014 SW223,7.6,10.339,12.9,20160113,50.2,288.7,22.6,10.7,0.153,8.97,3,MPO 347318,9/19/2014,F51,Pan-STARRS 1
,2014 RE12,5.08,23.514,12.4,20160113,349.1,78.6,338.4,31.6,0.645,14.297,2,MPO 353713,9/2/2014,F51,Pan-STARRS 1
,2014 QR441,42.605,92.296,6.8,20160113,354.6,283,77.9,42.2,0.368,67.45,2,MPO 357218,8/18/2014,W84,Dark Energy Survey
,2014 OG392,10.972,16.905,10.9,20140722,359.9,170.3,147.3,7.7,0.213,13.939,( 1d),MPO 307148,7/28/2014,F51,Pan-STARRS 1
,2014 ON6,5.782,20.711,11.6,20160113,17.5,195.2,94.3,3.9,0.564,13.246,6,MPO 361236,7/25/2014,F51,Pan-STARRS 1
,2014 LR14,9.132,25.569,11.5,20140612,353.6,75.3,184.4,6.3,0.474,17.351,( 26d),MPO 303420,6/2/2014,G96,Mt. Lemmon Survey
,2014 KL84,5.718,26.548,13.9,20160113,11.3,91.2,134.5,12.3,0.646,16.133,3,MPO 339502,5/20/2014,F51,Pan-STARRS 1
,2014 HU195,5.59,23.563,14.6,20140413,353.9,133.4,117.1,5.8,0.616,14.577,( 1d),MPO 322309,4/24/2014,W84,DECam
,2014 HY123,6.98,30.355,11.3,20160113,355.5,230.5,315.3,14,0.626,18.668,3,MPO 335305,4/24/2014,G96,Mt. Lemmon Survey
,2014 GE45,33.977,96.325,6.3,20140324,0.1,242.3,316.3,0.8,0.478,65.151,( 4d),MPO 292244,4/4/2014,F51,Pan-STARRS 1
,2014 FX71,36.209,78.741,6,20160113,29.9,200.5,275.7,17.7,0.37,57.475,2,MPO 336643,3/28/2014,807,
,2014 FV71,37.424,75.792,5.7,20160113,323.3,39.1,202.3,27,0.339,56.608,2,MPO 336643,3/24/2014,807,
,2014 FC69,40.52,105,4.6,20160113,86.2,190.5,250.2,30,0.445,72.98,2,MPO 328235,3/25/2014,807,
,2014 FU61,5.36,13.054,13.8,20160113,34.2,119.7,59.3,19.6,0.418,9.207,2,MPO 336642,3/28/2014,G96,Mt. Lemmon Survey
,2014 FW,10.757,48.011,9.9,20160113,357.3,114.4,98.2,12.7,0.634,29.384,2,MPO 339501,3/20/2014,G96,Mt. Lemmon Survey
,2014 DT112,13.44,77.336,10.3,20160113,5.6,323.4,158.8,40.9,0.704,45.388,( 22d),MPO 286767,2/26/2014,F51,Pan-STARRS 1
,2014 AT28,6.511,15.388,11.9,20160113,344.5,279.6,262.5,165.6,0.405,10.95,5,MPO 361226,1/3/2014,G96,Mt. Lemmon Survey
,2013 XZ8,8.439,18.568,9.8,20160113,321.7,287.9,266.6,22.5,0.375,13.504,6,MPO 361226,12/6/2013,926,
,2013 WV107,10.738,18.752,10,20160113,330.9,220.6,274.7,23.9,0.272,14.745,4,MPO 361226,11/25/2013,F51,Pan-STARRS 1
,2013 VD24,41.263,67.757,7.7,20131214,62.6,196.8,105.7,18.9,0.243,54.51,( 90d),MPO 353695,11/6/2013,W84,Dark Energy Survey
,2013 VE2,5.884,16.112,12.8,20131015,20.7,226.9,118.3,6.9,0.465,10.998,( 3d),MPO 277286,11/1/2013,G96,Mt. Lemmon Survey
,2013 UL10,6.2,13.757,12.5,20160113,18.3,186.8,234,19.1,0.379,9.979,4,MPO 322301,10/31/2013,H15,
,2013 TJ159,36.237,69.341,6.4,20160113,13.7,174,165.2,4.8,0.314,52.789,5,MPO 358202,10/13/2013,W84,DECam
,2013 TP145,13.386,40.224,9.8,20131015,3.6,27.9,325.8,28.3,0.501,26.805,( 21d),MPO 277282,10/8/2013,809,
,2013 SE99,36.629,122,7.8,20160113,21.1,223.7,100.6,18.3,0.539,79.415,2,MPO 324007,9/29/2013,W84,Dark Energy Survey
,2013 RG98,19.219,27.175,9,20160113,293,350.7,146,46,0.171,23.197,2,MPO 328224,9/3/2013,W84,Dark Energy Survey
,2013 RF98,36.29,614,8.6,20130925,0.1,316.5,67.6,29.6,0.888,325,( 56d),MPO 331342,9/12/2013,W84,Dark Energy Survey
,2013 RN30,7.878,25.384,13.1,20130816,358.8,170.8,183.4,14.8,0.526,16.631,( 10d),MPO 271323,9/3/2013,F51,Pan-STARRS 1
,2013 PH44,15.531,23.652,9,20160113,3.2,178.3,160.9,33.6,0.207,19.592,3,MPO 307076,8/12/2013,F51,Pan-STARRS 1
,2013 LU35,27.051,89.473,9.9,20130727,36.8,25.5,155.7,3.1,0.536,58.262,(115d),MPO 288535,6/5/2013,268,New Horizons KBO Search
,2013 LU28,8.736,335,8,20160113,358.6,153.2,276.1,125.4,0.949,172,3,MPO 343606,6/8/2013,G96,Mt. Lemmon Survey
,2013 JV64,31.153,115,7.3,20160113,328.7,113.8,224.7,31.3,0.573,73.023,2,MPO 347303,5/7/2013,568,Outer Solar System Origins Survey
,2013 JR64,35.64,121,8.8,20160113,359.1,140.8,109.5,10.5,0.544,78.233,3,MPO 347303,5/8/2013,568,Outer Solar System Origins Survey
,2013 JQ64,22.407,76.222,6.3,20160113,80.3,32.1,71.6,34.8,0.546,49.314,3,MPO 347303,5/8/2013,568,Outer Solar System Origins Survey
,2013 JP64,32.429,82.794,8.5,20160113,345.1,79.6,206.6,13.7,0.437,57.611,3,MPO 347303,5/8/2013,568,Outer Solar System Origins Survey
,2013 JO64,35.123,258,8.2,20160113,1.6,40.6,185.1,8.6,0.76,147,3,MPO 347303,5/7/2013,568,Outer Solar System Origins Survey
,2013 JN64,37.771,68.916,8.4,20160113,11.4,78.8,146.3,7.7,0.292,53.343,3,MPO 347302,5/8/2013,568,Outer Solar System Origins Survey
,2013 JL64,35.941,78.417,7.5,20160113,30.3,104.3,73.4,27.7,0.371,57.179,3,MPO 347302,5/7/2013,568,Outer Solar System Origins Survey
,2013 JK64,32.676,78.652,7.9,20160113,8.4,121.8,100.2,11.1,0.413,55.664,3,MPO 347302,5/7/2013,568,Outer Solar System Origins Survey
,2013 JH64,36.505,82.782,5.8,20160113,49,60.7,86,13.7,0.388,59.643,3,MPO 347302,5/7/2013,568,Outer Solar System Origins Survey
,2013 JF64,30.494,81.22,9.3,20160113,3.5,128.1,105.3,8.8,0.454,55.857,3,MPO 347301,5/7/2013,568,Outer Solar System Origins Survey
,2013 JD64,42.61,103,8,20160113,358.4,177.5,67.5,50.3,0.414,72.724,3,MPO 347301,5/8/2013,568,Outer Solar System Origins Survey
,2013 JC64,13.76,30.662,12.1,20160113,7.3,170,71.5,32,0.38,22.211,2,MPO 347301,5/8/2013,568,Outer Solar System Origins Survey
,2013 JU63,33.437,69.683,6.8,20160113,25.9,259.2,278.5,4.3,0.351,51.56,2,MPO 293262,5/8/2013,807,
,2013 JX14,7.3,15.433,11.7,20160113,57.1,274.9,246,10.5,0.358,11.366,4,MPO 297942,5/5/2013,F51,Pan-STARRS 1
,2013 GZ136,33.933,142,8.2,20160113,353.7,36.1,213.9,18.3,0.614,87.896,3,MPO 347294,4/4/2013,568,Outer Solar System Origins Survey
,2013 GY136,32.595,79.327,7.6,20160113,344.2,43.4,221,10.9,0.418,55.961,3,MPO 347294,4/9/2013,568,Outer Solar System Origins Survey
,2013 GS136,34.223,78.029,8.5,20160113,350,196.7,44.6,7,0.39,56.126,3,MPO 347293,4/4/2013,568,Outer Solar System Origins Survey
,2013 GP136,41.117,264,6.6,20160113,356.1,42.1,210.7,33.5,0.73,153,3,MPO 347292,4/4/2013,568,Outer Solar System Origins Survey
,2013 FJ28,19.611,51.05,7.7,20160113,321.3,77.9,184.9,21.8,0.445,35.331,3,MPO 335283,3/16/2013,807,
,2013 FG28,35.033,78.141,6.7,20160113,344.3,246.2,329.4,21,0.381,56.587,2,MPO 328216,3/17/2013,807,
,2013 FY27,35.928,82.663,3,20160113,216.4,136.3,187.2,33,0.394,59.295,2,MPO 289777,3/17/2013,807,
,2013 EZ27,6.757,18.751,11.6,20130217,314.3,287.9,334.4,24.8,0.47,12.754,( 3d),MPO 258473,3/5/2013,F51,Pan-STARRS 1
,2013 CA134,11.186,37.243,10.9,20130217,355.9,266.3,271,8.7,0.538,24.215,( 3d),MPO 254866,2/15/2013,F51,Pan-STARRS 1
,2013 CY133,5.823,9.92,13.4,20130217,330.3,62.1,148.3,17.7,0.26,7.871,( 32d),MPO 277230,2/14/2013,F51,Pan-STARRS 1
,2013 CJ118,5.318,14.767,14.6,20160113,38.9,146.9,338.3,10.4,0.47,10.042,( 6d),MPO 253344,2/9/2013,F51,Pan-STARRS 1
,2013 CV82,10.831,24.35,11.4,20130108,344.1,32.5,137.3,18,0.384,17.59,( 34d),MPO 254858,2/3/2013,F51,Pan-STARRS 1
,2013 BK78,8.246,71.233,12.5,20130128,1.6,281.8,175.1,2.2,0.792,39.74,( 23d),MPO 254843,1/17/2013,F51,Pan-STARRS 1
,2013 BL76,8.371,2418,10.8,20160113,0,166.1,180.2,98.6,0.993,1213,3,MPO 307057,1/20/2013,G96,Mt. Lemmon Survey
,2013 BN45,5.19,8.818,12.4,20130108,230,179.6,81.3,6.7,0.259,7.004,( 6d),MPO 252175,1/17/2013,568,
,2013 AX158,6.91,44.459,14.3,20121219,4,210.9,232.7,12.6,0.731,25.684,( 3d),MPO 265037,1/4/2013,W84,DECam NEO Survey
,2013 AS105,5.759,26.412,12.1,20160113,27.5,326.3,106.7,14.6,0.642,16.086,6,MPO 331334,1/15/2013,J04,
,2013 AZ60,7.91,1454,10.2,20160113,0,158.2,349.2,16.5,0.989,731,3,MPO 339483,1/10/2013,G96,Mt. Lemmon Survey
,2012 VS113,38.041,71.788,7.1,20160113,4.4,220.3,171.7,26.8,0.307,54.914,3,MPO 307055,11/12/2012,W84,Dark Energy Survey
,2012 VP113,80.29,444,4,20160113,3.3,292.9,90.8,24,0.694,262,3,MPO 289737,11/5/2012,807,
,2012 VU85,20.137,38.464,7.2,20160113,312.4,265,252.6,15.1,0.313,29.3,3,MPO 322278,11/14/2012,290,"K. Cernis, R. P. Boyle"
,2012 UW177,22.277,37.905,11.3,20160113,358.9,34.6,20.1,53.9,0.26,30.091,2,MPO 317747,10/20/2012,568,M. Alexandersen
,2012 US177,35.542,76.129,8.7,20160113,15.8,92.5,271.8,17.2,0.363,55.836,2,MPO 317746,10/21/2012,568,M. Alexandersen
,2012 UR177,37.443,110,7.9,20160113,343,158.5,291.6,16.3,0.491,73.581,2,MPO 317746,10/21/2012,568,M. Alexandersen
,2012 UQ177,35.67,68.03,8,20160113,332.4,120.5,330.3,19.6,0.312,51.85,3,MPO 357189,10/20/2012,568,M. Alexandersen
,2012 UK177,35.318,148,8.7,20160113,356.7,162.7,251.5,24.9,0.615,91.825,2,MPO 317745,10/20/2012,568,M. Alexandersen
,2012 UJ177,31.276,78.593,9.1,20160113,21.5,46.8,298.9,15.6,0.431,54.935,2,MPO 317745,10/21/2012,568,M. Alexandersen
,2012 UY174,7.369,16.426,13.3,20121020,359.9,71.4,329.9,9.6,0.381,11.898,( 2d),MPO 246003,10/23/2012,F51,Pan-STARRS 1
,2012 PD26,10.09,30.558,11.2,20160113,25.9,85,209.2,7.7,0.504,20.324,3,MPO 317743,8/13/2012,F51,Pan-STARRS 1
,2012 KU50,26.181,79.25,6.3,20120513,18.2,88.5,68.3,18.1,0.503,52.715,( 28d),MPO 234437,5/18/2012,809,M. E. Schwamb
,2012 GX17,16.97,58.536,7.8,20160113,41.5,244.1,209.2,32.5,0.551,37.753,3,MPO 335263,4/14/2012,F51,Pan-STARRS 1
,2012 GM12,15.433,18.942,9.3,20120403,171.4,114.5,262.9,12.6,0.102,17.188,( 4d),MPO 230296,4/13/2012,F51,Pan-STARRS 1
,2012 GU11,19.805,33.992,8.7,20120403,32.7,336.8,151.4,12.8,0.264,26.899,( 4d),MPO 230296,4/12/2012,F51,Pan-STARRS 1
,2012 GV1,8.25,29.051,11.9,20160113,26.2,341.3,168.5,18.9,0.558,18.651,3,MPO 229000,4/12/2012,F51,Pan-STARRS 1
,2012 FZ78,10.54,27.186,10.9,20120423,10.2,156.8,10.2,17,0.441,18.863,( 49d),MPO 234429,3/29/2012,G96,Mt. Lemmon Survey
,2012 DD86,15.365,31.415,9.4,20160113,5.8,357,174.6,12.5,0.343,23.39,5,MPO 335263,2/22/2012,809,
,2012 DS85,16.455,21.528,9.4,20160113,60.6,304.7,129,16.8,0.134,18.992,2,MPO 246980,2/19/2012,290,"K. Cernis, R. P. Boyle"
,2012 DR30,14.551,2794,7.1,20160113,0,195.4,341.4,78,0.99,1404,8,MPO 339460,2/22/2012,E12,Siding Spring Survey
,2012 CE17,18.979,24.245,8.7,20160113,354.4,356.4,174.5,5.9,0.122,21.612,3,MPO 331323,2/3/2012,F51,Pan-STARRS 1
,2012 CG,14.519,43.55,9,20160113,33.4,293.9,128.8,14.6,0.5,29.034,8,MPO 327109,2/1/2012,G96,Mt. Lemmon Survey
,2011 WR74,5.203,13.195,15.3,20111205,7.9,263.3,135.1,10.8,0.434,9.199,( 29d),MPO 218133,11/25/2011,F51,Pan-STARRS 1
,2011 UW412,37.413,118,9,20160113,8.5,134.1,233.2,13,0.518,77.69,2,MPO 317700,10/26/2011,568,
,2011 UQ412,34.795,99.428,7.7,20160113,354.9,197.8,219.9,16.7,0.482,67.112,2,MPO 317700,10/24/2011,568,M. Alexandersen
,2011 UP412,36.934,75.406,8.2,20160113,354.9,26.7,23.1,19.8,0.342,56.17,2,MPO 317699,10/24/2011,568,M. Alexandersen
,2011 UT411,32.905,78.303,7.5,20160113,307.8,130.5,5,6.4,0.408,55.604,2,MPO 317696,10/26/2011,568,M. Alexandersen
,2011 US411,31.228,93.228,9.2,20160113,3.2,9.4,24.8,22.1,0.498,62.228,3,MPO 357179,10/26/2011,568,M. Alexandersen
,2011 UR411,35.009,88.444,8.6,20160113,350.1,45.3,23.4,26.6,0.433,61.727,3,MPO 357179,10/26/2011,568,M. Alexandersen
,2011 UQ411,37.044,87.837,7,20160113,318.7,264,215.5,40.5,0.407,62.441,2,MPO 317696,10/26/2011,568,M. Alexandersen
,2011 UP411,38.564,112,8.6,20160113,1.8,160.5,232,13.4,0.488,75.39,2,MPO 317696,10/26/2011,568,M. Alexandersen
,2011 UD63,11.086,21.479,8.7,20160113,250.9,231.3,299.1,10.7,0.319,16.282,2,MPO 297912,10/19/2011,F51,Pan-STARRS 1
,2011 UQ62,15.36,53.282,9.3,20111006,6.5,91.9,251.1,16.4,0.552,34.321,( 9d),MPO 235398,10/19/2011,F51,Pan-STARRS 1
,2011 SR250,6.986,14.979,12.7,20111006,21.2,344.7,315.5,8.8,0.364,10.982,( 38d),MPO 215196,9/20/2011,F51,Pan-STARRS 1
,2011 RS,20.393,23.971,8.6,20110827,180.4,190.1,353.9,24.4,0.081,22.182,( 2d),MPO 206222,9/4/2011,F51,Pan-STARRS 1
,2011 QF99,15.677,22.484,9.7,20160113,277.4,287.7,222.5,10.8,0.178,19.08,3,MPO 339454,8/29/2011,568,M. Alexandersen
,2011 ON45,9.802,13.435,11.3,20160113,330,77.7,330.4,8.2,0.156,11.619,3,MPO 353653,7/27/2011,F51,Pan-STARRS 1
,2011 OF45,7.752,10.265,12.6,20160113,12.6,53.6,316.1,19.6,0.139,9.008,3,MPO 307035,7/26/2011,F51,Pan-STARRS 1
,2011 OD16,19.512,27.982,8.8,20160113,337.6,202,166.1,6.3,0.178,23.747,3,MPO 361178,7/25/2011,F51,Pan-STARRS 1
,2011 MM4,11.127,31.124,9.3,20160113,41.1,6.8,282.6,100.5,0.473,21.126,3,MPO 331320,6/24/2011,F51,Pan-STARRS 1
,2011 KT19,15.375,21.979,7.8,20110519,156.8,200.7,240.8,66.5,0.177,18.677,( 8d),MPO 200342,5/31/2011,G96,Mt. Lemmon Survey
,2011 JD32,33.707,68.148,8.7,20110519,341.2,208.5,106.5,12.9,0.338,50.928,( 63d),MPO 300648,5/1/2011,268,New Horizons KBO Search
,2011 JA32,29.523,91.968,9.8,20160113,331.7,127.4,236,3.2,0.514,60.746,2,MPO 256133,5/2/2011,268,New Horizons KBO Search
,2011 HK103,36.746,69.468,8.4,20160113,322,229,121.1,6.4,0.308,53.107,2,MPO 286663,4/28/2011,268,New Horizons KBO Search
,2011 HP83,36.07,69.432,5.6,20160113,14.1,208,12.2,28.6,0.316,52.751,2,MPO 233325,4/29/2011,809,
,2011 HO60,36.636,153,6.1,20160113,0.4,241.9,353.1,22.2,0.614,94.907,2,MPO 262253,4/26/2011,809,
,2011 GY61,35.139,66.205,6.5,20160113,3.1,236.4,319.7,0.8,0.307,50.672,2,MPO 235397,4/9/2011,809,
,2011 GN27,8.991,21.834,9.6,20110320,62,128,320.5,15.7,0.417,15.413,( 1d),MPO 196839,4/3/2011,809,
,2011 FX62,20.393,76.803,7.4,20160113,11.4,233.3,288.3,18.3,0.58,48.598,5,MPO 230280,3/28/2011,809,
,2011 FS53,6.176,9.069,13.6,20110320,35.6,134.3,5.6,6.3,0.19,7.623,( 6d),MPO 196832,3/31/2011,F51,Pan-STARRS 1
,2011 FY9,15.2,104,8.8,20160113,5.8,300.9,214.3,37.7,0.745,59.69,3,MPO 335250,3/27/2011,809,
,2011 AC72,11.233,40.972,10.9,20160113,7.2,23.4,119.3,13.8,0.57,26.103,4,MPO 335243,1/3/2011,G96,Mt. Lemmon Survey
,2010 XZ78,5.395,9.936,12.5,20160113,63.9,228.9,252.3,39.2,0.296,7.666,3,MPO 260816,12/4/2010,G96,Mt. Lemmon Survey
,2010 WG9,18.773,87.127,8.1,20160113,9.3,293.1,92.1,70.3,0.645,52.95,3,MPO 254803,11/30/2010,809,
,2010 VE21,7.612,10.584,12.4,20101031,71.9,79.4,227.3,45.6,0.163,9.098,( 3d),MPO 202497,11/3/2010,F51,Pan-STARRS 1
,2010 VX11,21.327,62.666,6.3,20101120,326.2,332.4,171.1,22.4,0.492,41.997,( 57d),MPO 202497,11/3/2010,809,"D. L. Rabinowitz, M. Schwamb, S. Tourtellotte"
,2010 VW11,36.559,64.501,5.3,20160113,0.3,260,158.1,27.8,0.276,50.53,4,MPO 361168,11/3/2010,809,"D. L. Rabinowitz, M. Schwamb, S. Tourtellotte"
,2010 TY53,21.002,56.806,5.6,20160113,320,3.4,111.4,22.5,0.46,38.904,5,MPO 349269,10/8/2010,809,"D. L. Rabinowitz, M. Schwamb, S. Tourtellotte"
,2010 TR19,11.514,61.835,5.4,20101011,304.7,35.7,94.8,25.4,0.686,36.674,( 26d),MPO 202492,10/6/2010,809,"D. L. Rabinowitz, M. Schwamb, S. Tourtellotte"
,2010 TJ,39.908,85.066,5,20160113,11.1,273.7,91.3,38.9,0.361,62.487,3,MPO 252093,10/2/2010,809,"D. L. Rabinowitz, M. Schwamb, S. Tourtellotte"
,2010 TH,12.564,24.494,9.1,20160113,53.1,210.2,123.7,26.7,0.322,18.529,6,MPO 353645,10/2/2010,809,"D. L. Rabinowitz, M. Schwamb, S. Tourtellotte"
,2010 RE64,36.049,95.037,4.3,20160113,318.7,21.3,67.4,13.5,0.45,65.543,3,MPO 315251,9/9/2010,809,"D. L. Rabinowitz, M. Schwamb, S. Tourtellotte"
,2010 RM45,26.419,95.483,6.5,20101011,330.6,338.9,86,18.9,0.567,60.951,( 94d),MPO 227490,9/5/2010,809,"D. L. Rabinowitz, M. Schwamb, S. Tourtellotte"
,2010 RG43,13.362,15.671,9.7,20100901,359.9,301.3,34.7,36.6,0.08,14.516,( 1d),MPO 183718,9/6/2010,809,"D. L. Rabinowitz, M. Schwamb, S. Tourtellotte"
,2010 PU75,35.934,132,5.6,20160113,354.6,256.1,78.3,8.9,0.573,84.131,3,MPO 237403,8/6/2010,304,"A. Udalski, S. S. Sheppard, G. Pietrzynski, C. A. Trujillo"
,2010 PT66,35.472,88.162,6.2,20160113,13.6,203.2,108.8,18.5,0.426,61.817,3,MPO 283091,8/15/2010,809,"D. L. Rabinowitz, M. Schwamb, S. Tourtellotte"
,2010 PL66,13.035,29.182,8.3,20160113,284.7,96.8,8.5,24.4,0.382,21.108,3,MPO 301660,8/14/2010,809,"D. L. Rabinowitz, M. Schwamb, S. Tourtellotte"
,2010 LN68,12.312,12.86,9.2,20100613,360,138.2,92.6,15.1,0.022,12.586,( 1d),MPO 178241,6/13/2010,809,"D. L. Rabinowitz, S. Tourtellotte"
,2010 LO33,15.074,33.153,8.1,20160113,332.7,81.4,241.1,17.8,0.375,24.114,(100d),MPO 183310,6/7/2010,809,"D. L. Rabinowitz, S. Tourtellotte"
,2010 JJ124,23.615,145,6.6,20160113,1.5,339,268.8,37.8,0.72,84.302,2,MPO 200859,5/11/2010,304,"A. Udalski, S. S. Sheppard, C. A. Trujillo"
,2010 JC80,31.515,79.512,5.9,20160113,349.4,216.5,50.9,3.1,0.432,55.514,3,MPO 339439,5/12/2010,809,"D. L. Rabinowitz, S. Tourtellotte"
,2010 JB80,10.296,15.517,11.7,20100524,5.6,184.8,21,17.8,0.202,12.906,( 57d),MPO 180051,5/11/2010,809,"D. L. Rabinowitz, S. Tourtellotte"
,2010 HM23,15.251,18.081,10.5,20100414,359.9,336.6,251.1,6.9,0.085,16.666,( 1d),MPO 176884,4/20/2010,304,S. S. Sheppard
,2010 GB174,48.719,694,6.5,20160113,3.2,347.8,130.6,21.5,0.869,371,4,MPO 262140,4/12/2010,568,
,2010 GW147,5.381,334,13.2,20160113,1.1,50.1,313.3,99.6,0.968,170,3,MPO 297894,4/14/2010,C51,WISE
,2010 GF65,22.137,44.715,7.2,20160113,336.6,284.4,0.4,12.4,0.338,33.426,3,MPO 297894,4/14/2010,809,"D. L. Rabinowitz, S. Tourtellotte"
,2010 GX34,16.572,41.059,8.2,20160113,352,356.2,279.1,11.6,0.425,28.815,3,MPO 233298,4/9/2010,809,"D. L. Rabinowitz, S. Tourtellotte"
,2010 FH92,5.771,42.921,11.4,20160113,17.4,313.8,280.1,61.9,0.763,24.346,3,MPO 315248,3/17/2010,C51,WISE
,2010 FE49,33.627,74.971,6.5,20160113,10.2,131.3,58,11.7,0.381,54.299,4,MPO 346246,3/19/2010,809,"D. L. Rabinowitz, S. Tourtellotte"
,2010 FD49,31.937,80.046,6.3,20160113,0.2,141.9,66.4,10.7,0.43,55.992,5,MPO 339438,3/19/2010,809,"D. L. Rabinowitz, S. Tourtellotte"
,2010 FB49,18.286,26.918,7.5,20160113,205.2,170.8,184.8,24.3,0.191,22.602,3,MPO 228745,3/17/2010,809,"D. L. Rabinowitz, S. Tourtellotte"
,2010 EK139,32.574,107,3.8,20160113,346,284.3,346.1,29.4,0.534,69.939,5,MPO 206188,3/13/2010,304,"A. Udalski, S. S. Sheppard, M. Kubiak, C. A. Trujillo"
,2010 EU65,18.167,20.241,9.1,20100414,0.4,180.8,4.6,14.8,0.054,19.204,( 85d),MPO 178178,3/13/2010,809,"D. L. Rabinowitz, S. Tourtellotte"
,2010 ET65,39.627,86.158,5.2,20160113,1.7,354,189.6,30.5,0.37,62.893,6,MPO 237402,3/13/2010,809,"D. L. Rabinowitz, S. Tourtellotte"
,2010 ES65,9.484,34.088,12,20160113,24.8,238.8,273.3,10.4,0.565,21.786,4,MPO 293162,3/12/2010,809,"D. L. Rabinowitz, S. Tourtellotte"
,2010 ER65,40.016,160,5.4,20160113,3.4,324.1,212.7,21.2,0.6,99.946,3,MPO 237402,3/10/2010,809,"D. L. Rabinowitz, S. Tourtellotte"
,2010 EQ65,34.183,128,6.4,20100325,352.5,239.4,336.2,23.6,0.579,81.291,( 41d),MPO 175353,3/10/2010,809,"D. L. Rabinowitz, S. Tourtellotte"
,2010 EO65,14.004,36.471,9.6,20160113,1.5,270.8,315.6,11.4,0.445,25.237,4,MPO 339438,3/9/2010,809,"D. L. Rabinowitz, S. Tourtellotte"
,2010 BK118,6.1,963,10.2,20160113,0.1,179.1,176,143.9,0.987,484,5,MPO 271268,1/30/2010,C51,WISE
,2010 BL4,8.601,28.891,12,20160113,28.5,253.4,227.1,20.8,0.541,18.746,4,MPO 339436,1/18/2010,809,D. L. Rabinowitz
,2009 YG19,32.979,78.32,6.1,20160113,12.9,301.6,99.2,5.2,0.407,55.649,4,MPO 361161,12/25/2009,809,D. L. Rabinowitz
,2009 MF10,27.273,87.63,6.1,20160113,28,262.7,320.8,26.2,0.525,57.451,2,MPO 196016,6/27/2009,807,"S. S. Sheppard, A. Udalski, C. A. Trujillo, K. Ulaczyk"
,2009 ME10,22.83,32.827,7.5,20090708,341.1,338.7,344.7,14.7,0.18,27.829,( 59d),MPO 179995,6/27/2009,807,"A. Udalski, S. S. Sheppard, M. Szymanski, C. A. Trujillo"
,2009 KA37,33.91,73.429,8.6,20090529,332.6,114.3,128.3,15.3,0.368,53.67,( 28d),MPO 215168,5/27/2009,568,
,2009 KZ36,20.013,76.807,10.3,20090529,19.4,333.8,140.6,17.4,0.587,48.41,( 28d),MPO 215168,5/27/2009,568,
,2009 KY36,27.688,74.765,9.1,20090529,35.1,64.8,34.1,24.7,0.459,51.227,( 28d),MPO 215168,5/27/2009,568,
,2009 KX36,44.719,90.904,8,20090529,9.3,22,142.7,18.8,0.341,67.811,( 28d),MPO 215168,5/27/2009,568,
,2009 KN30,30.442,109,7.9,20160113,8.3,306.1,284.7,4.6,0.565,69.911,3,MPO 201130,5/25/2009,568,M. Yagi
,2009 KK30,37.692,83.122,7.1,20160113,49.3,263.6,259.8,14.3,0.376,60.407,3,MPO 201130,5/25/2009,568,M. Yagi
,2009 JC19,34.524,67.012,7.5,20090509,72.7,39.1,33.3,30.8,0.32,50.768,( 11d),MPO 215168,5/15/2009,568,
,2009 JZ18,23.658,74.444,7.8,20090509,22.5,71.9,38.4,23.2,0.518,49.051,( 10d),MPO 215168,5/14/2009,568,
,2009 JY18,30.113,78.551,8.6,20090509,323.2,227.3,35.4,22.4,0.446,54.332,( 11d),MPO 215168,5/14/2009,568,
,2009 JX18,20.171,54.993,9.8,20090509,319.1,231.1,40.7,20.2,0.463,37.582,( 11d),MPO 215167,5/14/2009,568,
,2009 JU18,38.313,74.531,8.5,20090509,25.4,99.9,27.7,27.2,0.321,56.422,( 11d),MPO 215167,5/14/2009,568,
,2009 DM143,35.881,72.817,9.4,20090310,8.4,19.9,146.1,16.3,0.34,54.349,( 72d),MPO 215164,2/18/2009,568,
,2009 DJ143,37.461,95.927,6.8,20160113,349.7,83.7,141.9,17.6,0.438,66.694,3,MPO 340183,2/18/2009,568,
,2008 UZ331,17.712,19.014,9.4,20081021,359.9,284.8,74.6,32.6,0.035,18.363,( 1d),MPO 149145,10/26/2008,807,L. H. Wasserman
,2008 ST291,42.346,155,4.2,20160113,22.7,324.3,331.2,20.8,0.571,98.757,3,MPO 322196,9/24/2008,675,"M. E. Schwamb, M. E. Brown, D. L. Rabinowitz"
,2008 OG19,38.574,93.974,5,20160113,1.6,140.6,164,13.2,0.418,66.274,5,MPO 349250,7/30/2008,675,
,2008 LP17,29.845,151,6.4,20160113,1,164.4,72.5,14.1,0.67,90.422,5,MPO 339416,6/6/2008,675,
,2008 KV42,21.107,61.587,8.8,20160113,333.1,133.3,261,103.5,0.49,41.347,4,MPO 339416,5/31/2008,568,
,2008 JO41,39.946,135,8.4,20160113,351.5,146.3,152.9,48.8,0.544,87.661,4,MPO 336490,5/11/2008,568,
,2008 HY21,5.379,16.458,12.2,20160113,81,164.1,53.2,12,0.507,10.918,4,MPO 339416,4/26/2008,G96,Mt. Lemmon Survey
,2008 CT190,34.696,71.88,5.5,20160113,3.7,47.9,103.6,38.8,0.349,53.288,8,MPO 339413,2/9/2008,675,
,2008 AU138,20.45,44.534,6.7,20160113,197.9,252.8,50.7,42.8,0.371,32.492,4,MPO 336480,1/8/2008,568,
,2007 VK305,36.407,77.557,5.8,20160113,60.9,143.5,172.5,20.3,0.361,56.982,10,MPO 339411,11/2/2007,705,"A. C. Becker, A. W. Puckett, J. Kubica"
,2007 VJ305,35.187,341,6.6,20160113,1.4,338.4,24.4,12,0.813,188,3,MPO 152504,11/4/2007,705,"A. C. Becker, A. W. Puckett, J. Kubica"
,2007 VH305,8.21,40.496,11.6,20160113,16.7,249,165.9,6.2,0.663,24.353,4,MPO 339411,11/4/2007,705,"A. C. Becker, A. W. Puckett, J. Kubica"
,2007 UM126,8.511,17.218,10.1,20160113,106.3,103.9,185,41.8,0.338,12.865,6,MPO 339410,10/30/2007,705,Sloan Digital Sky Survey Linked Object Catalog team
,2007 TR436,25.497,100,9.5,20071027,0,179.6,195.7,31.7,0.595,62.994,( 31d),MPO 147443,10/14/2007,568,"S. S. Sheppard, C. A. Trujillo"
,2007 TB434,8.477,8.931,14.7,20071007,359.7,1.4,12.7,9.8,0.026,8.704,( 1d),MPO 141890,10/14/2007,568,
,2007 TU431,21.427,232,10.4,20071027,357.4,223,195.7,6.7,0.831,127,( 54d),MPO 141889,10/14/2007,568,
,2007 TK422,16.994,25.135,8.9,20160113,109.6,199.5,65.3,3.1,0.193,21.064,6,MPO 361135,10/6/2007,705,"A. C. Becker, A. W. Puckett, J. Kubica"
,2007 TJ422,9.228,29.697,11.3,20160113,61.9,316.4,318.8,2.9,0.526,19.462,4,MPO 361135,10/6/2007,705,"A. C. Becker, A. W. Puckett, J. Kubica"
,2007 TG422,35.579,949,6.2,20160113,0.3,285.8,113,18.6,0.928,492,4,MPO 252047,10/3/2007,705,"A. C. Becker, A. W. Puckett, J. Kubica"
,2007 TB418,33.97,76.619,5.8,20071027,278.7,46.8,93.6,6.6,0.386,55.295,( 58d),MPO 131985,10/4/2007,807,
,2007 TA418,35.967,108,7.2,20160113,356.9,297.9,121.8,22,0.502,72.218,4,MPO 315224,10/4/2007,807,
,2007 RZ326,34.395,70.409,8.2,20160113,341.7,104,296.5,37.3,0.344,52.402,4,MPO 336470,9/6/2007,568,
,2007 RM314,36.416,104,6.5,20160113,24.9,75.5,209.4,20.9,0.482,70.365,5,MPO 336469,9/14/2007,568,"P. A. Wiegert, A. Papadimos"
,2007 RH283,10.49,21.315,8.5,20160113,135.8,329.1,286.5,21.3,0.34,15.902,9,MPO 339407,9/15/2007,675,
,2007 NC7,16.861,51.203,8,20160113,35.1,286.6,324.2,6.3,0.505,34.032,5,MPO 237361,7/11/2007,675,
,2007 LJ38,38.374,107,7.3,20160113,0,117.8,137.7,31.6,0.473,72.818,3,MPO 336467,6/12/2007,568,
,2007 LH38,36.799,235,7.9,20160113,0.3,130,122.9,34.2,0.729,136,6,MPO 336467,6/12/2007,568,
,2007 LG38,31.367,80.25,7.9,20160113,16,75.9,139.5,32.6,0.438,55.809,4,MPO 336467,6/12/2007,568,
,2007 LF38,38.936,138,5.8,20160113,20.9,13,169.1,35.8,0.559,88.344,6,MPO 336466,6/12/2007,568,
,2007 LE38,41.78,66.564,7,20160113,9.2,53.6,193.4,35.9,0.229,54.172,3,MPO 336466,6/12/2007,568,
,2007 JK43,23.552,69.184,7.3,20160113,4.7,10.2,233.6,44.9,0.492,46.368,5,MPO 335194,5/10/2007,675,
,2007 FO51,35.911,65.899,6.8,20160113,349.2,149.9,43.3,27.9,0.295,50.905,4,MPO 336465,3/21/2007,568,
,2007 FN51,33.451,145,7.5,20160113,14.1,10.5,102.2,23.2,0.624,89.036,6,MPO 336465,3/21/2007,568,
,2007 BP102,17.73,30.271,10.6,20160113,18.6,125.3,45.3,64.7,0.261,24,4,MPO 339403,1/24/2007,568,
,2006 WG206,35.905,65.607,6.9,20160113,36.2,123.9,317.2,14.3,0.293,50.756,6,MPO 339403,11/23/2006,568,Canada-France Ecliptic Plane Survey
,2006 UL321,23.494,498,7.6,20061012,0.1,353.8,342.9,37.4,0.91,261,( 1d),MPO 121361,10/19/2006,695,
,2006 UX184,20.419,55.327,8.5,20160113,358.9,21,39.5,37.4,0.461,37.873,6,MPO 339400,10/22/2006,950,
,2006 SF369,39.096,85.881,6.7,20160113,17.8,289.9,95.3,27.6,0.374,62.489,5,MPO 339397,9/30/2006,705,"A. C. Becker, A. W. Puckett, J. Kubica"
,2006 QS181,32.168,83.534,8,20061012,20.6,83.9,230.7,14.8,0.444,57.851,(121d),MPO 114780,8/22/2006,807,
,2006 QJ181,31.593,94.179,6.4,20160113,351.6,219.1,249.8,20.1,0.498,62.886,4,MPO 196663,8/21/2006,807,
,2006 QH181,37.936,95.674,4.3,20160113,104.7,210,73.8,19.1,0.432,66.805,3,MPO 285680,8/21/2006,807,
,2006 QG181,20.393,94.223,9,20160113,17.4,313.5,38.9,7.2,0.644,57.308,2,MPO 340129,8/21/2006,807,
,2006 QP180,13.143,62.64,9.8,20160113,24.8,52.6,237.6,5,0.653,37.891,5,MPO 339395,8/28/2006,705,"A. C. Becker, A. W. Puckett, J. Kubica"
,2006 HX122,36.304,103,5.9,20160113,39.9,258.4,250.5,12.9,0.481,69.889,2,MPO 139795,4/27/2006,807,M. W. Buie
,2006 HV122,37.636,126,6.5,20160113,348.3,236.9,40.7,16,0.54,81.737,4,MPO 342224,4/27/2006,807,M. W. Buie
,2006 HR122,38.906,86.245,7.6,20160113,15.7,145.5,50.3,3.5,0.378,62.575,2,MPO 137499,4/26/2006,807,M. W. Buie
,2006 HQ122,37.683,147,6.3,20160113,5.9,345.8,217.1,21.6,0.592,92.349,5,MPO 297850,4/26/2006,807,M. W. Buie
,2006 HO122,36.888,85.229,8.1,20060525,0.1,10.8,199.2,17.5,0.396,61.059,( 57d),MPO 104375,4/26/2006,807,M. W. Buie
,2006 BS284,33.51,86.942,6.9,20160113,329.4,247.9,328,4.6,0.444,60.226,5,MPO 273901,1/31/2006,568,Canada-France Ecliptic Plane Survey
,2006 AO101,41.918,63.928,7.1,20060125,180.1,205.7,102.1,1.1,0.208,52.923,( 51d),MPO 118173,1/5/2006,568,
,2006 AA99,25.639,28.079,11.9,20060105,360,2.3,126.8,33.4,0.045,26.859,( 1d),MPO 102271,1/5/2006,568,
,2005 VB123,17.592,17.896,10.2,20051106,0,2.8,39.5,38.9,0.009,17.744,( 29d),MPO 97975,11/3/2005,695,
,2005 UN524,18.729,24.416,9.3,20160113,358.2,52.2,39.3,17.8,0.132,21.572,6,MPO 361116,10/25/2005,568,P. A. Wiegert
,2005 TH173,15.5,15.948,11,20051017,0.1,182.3,193.7,15.7,0.014,15.724,( 17d),MPO 90332,10/8/2005,304,
,2005 SD278,39.905,70.819,6.5,20160113,26.4,218.4,152.7,17.9,0.279,55.362,4,MPO 230208,9/25/2005,705,"A. C. Becker, A. W. Puckett, J. Kubica"
,2005 RH52,38.988,263,7.8,20160113,2.4,32.4,306.2,20.5,0.742,151,5,MPO 201709,9/3/2005,568,Canada-France Ecliptic Plane Survey
,2005 RP43,38.285,148,6.1,20160113,8.6,346.2,344.3,23,0.588,92.928,5,MPO 339386,9/3/2005,705,"A. C. Becker, A. W. Puckett, J. Kubica"
,2005 PU21,29.199,315,6.3,20160113,356.1,228.1,192.5,6.2,0.83,172,6,MPO 339385,8/9/2005,807,
,2005 PT21,35.782,113,7.4,20160113,23,106.8,177.2,7.9,0.519,74.321,4,MPO 230205,8/9/2005,807,
,2005 LC54,36.239,98.718,6.7,20160113,344.7,236.5,65.5,22.4,0.463,67.478,4,MPO 339384,6/10/2005,568,Canada-France Ecliptic Plane Survey
,2005 EF304,38.555,137,7.3,20160113,358.4,198.1,15.5,18.7,0.561,87.799,5,MPO 331243,3/11/2005,695,M. W. Buie
,2005 EB299,25.454,80.197,8.2,20160113,5.1,177.3,351.5,0.7,0.518,52.826,5,MPO 339383,3/11/2005,695,M. W. Buie
,2005 CG81,41.1,67.56,6.1,20160113,336.4,56.2,134.6,26.1,0.244,54.33,4,MPO 326970,2/10/2005,568,Canada-France Ecliptic Plane Survey
,2004 XR190,51.229,63.956,4.3,20160113,277.5,282.7,252.4,46.7,0.11,57.593,7,MPO 339383,12/11/2004,568,
,2004 XQ190,22.824,23.291,12,20041201,359.9,169.5,305.8,6.3,0.01,23.058,( 2d),MPO 90213,12/12/2004,568,
,2004 VM131,20.666,116,8.5,20160113,12.8,137.8,226,14,0.697,68.226,4,MPO 252011,11/9/2004,568,Canada-France Ecliptic Plane Survey
,2004 VH131,22.282,97.365,9.7,20160113,20,308.1,39.7,12,0.628,59.824,3,MPO 201696,11/9/2004,568,Canada-France Ecliptic Plane Survey
,2004 VG131,31.668,96.282,8.5,20160113,11,345.5,42.8,13.7,0.505,63.975,3,MPO 201696,11/9/2004,568,Canada-France Ecliptic Plane Survey
,2004 VU130,35.554,88.309,7,20160113,49,271.2,43,8,0.426,61.931,5,MPO 201695,11/9/2004,568,"P. A. Wiegert, A. Papadimos"
,2004 VT130,7.985,10.093,15.5,20041022,359.3,2,38.8,18.3,0.117,9.039,( 1d),MPO 170092,11/9/2004,568,"P. A. Wiegert, A. Papadimos"
,2004 VP112,8.288,9.113,15,20041022,359.3,181,219,6.9,0.047,8.701,( 1d),MPO 138037,11/9/2004,568,P. A. Wiegert
,2004 VN112,47.327,594,6.4,20160113,0.4,327.2,66,25.6,0.852,320,6,MPO 357120,11/6/2004,807,
,2004 TT357,31.497,79.099,7.7,20160113,8.4,174.5,229.9,9,0.43,55.298,5,MPO 235379,10/15/2004,695,M. W. Buie
,2004 TF282,39.417,122,6.3,20160113,6.7,171.4,235,23.2,0.511,80.586,5,MPO 230201,10/15/2004,695,M. W. Buie
,2004 QH29,39.266,61.792,7.3,20160113,357,18.7,326.7,12,0.223,50.529,3,MPO 331241,8/19/2004,568,Canada-France Ecliptic Plane Survey
,2004 QQ26,19.515,26.454,9.6,20160113,50.1,355.4,197.5,21.4,0.151,22.985,7,MPO 306946,8/17/2004,568,D. J. Tholen
,2004 PD112,43.577,85.013,6.1,20040912,317.7,44.7,17,6.7,0.322,64.295,( 60d),MPO 74321,8/13/2004,807,M. W. Buie
,2004 PA108,29.199,78.526,6.3,20160113,331.9,294.7,136.3,1.1,0.458,53.862,2,MPO 109052,8/14/2004,807,M. W. Buie
,2004 OS15,38.109,72.976,7.2,20160113,354.1,202.6,123.6,4.3,0.314,55.543,5,MPO 201685,7/22/2004,568,Canada-France Ecliptic Plane Survey
,2004 OJ14,39.102,71.313,6.4,20160113,44.7,130.4,104.2,22.5,0.292,55.207,3,MPO 121813,7/17/2004,807,M. W. Buie
,2004 MW8,22.328,44.4,8.5,20160113,320.8,94.6,289.6,8.2,0.331,33.364,4,MPO 201685,6/24/2004,568,Canada-France Ecliptic Plane Survey
,2004 LR31,12.594,43.786,9.3,20160113,14.6,133.8,163.5,16.7,0.553,28.19,( 16d),MPO 124443,6/6/2004,644,
,2004 KZ18,34.244,77.105,8.5,20160113,5.5,10.9,232.1,22.6,0.385,55.674,3,MPO 201684,5/24/2004,568,"P. A. Wiegert, A. Papadimos"
,2004 HQ79,36.535,91.268,7.8,20160113,7.7,173.4,37.2,6.5,0.428,63.901,4,MPO 342212,4/26/2004,568,Canada-France Ecliptic Plane Survey
,2004 HO79,32.478,78.702,7.3,20160113,33.1,120.2,53.6,5.6,0.416,55.59,4,MPO 201683,4/22/2004,568,Canada-France Ecliptic Plane Survey
,2004 EG96,32.057,80.022,7.9,20160113,6.3,16.3,196.4,16.2,0.428,56.039,4,MPO 202404,3/14/2004,695,M. W. Buie
,2004 CJ39,6.715,19.204,14,20040205,7.3,127.7,334.8,3.6,0.482,12.959,( 52d),MPO 62494,2/14/2004,691,Spacewatch
,2003 YQ179,37.245,143,6.7,20160113,358.3,30.7,109.8,20.9,0.586,89.978,7,MPO 230197,12/24/2003,568,
,2003 UC414,16.327,73.545,8.3,20031117,335.8,285.8,160.8,25.9,0.637,44.936,( 58d),MPO 124423,10/30/2003,807,
,2003 UY292,15.913,27.816,10.2,20031028,0,23.9,28.3,8.6,0.272,21.864,( 29d),MPO 58041,10/23/2003,695,M. W. Buie
,2003 SS422,39.369,354,7.1,20031028,359.2,210.8,151.1,16.8,0.8,196,( 76d),MPO 124411,9/28/2003,807,
,2003 QW113,26.266,75.161,7.7,20160113,337.1,254.4,160.3,6.9,0.482,50.714,5,MPO 157385,8/31/2003,568,
,2003 QP112,14.184,28.074,12.7,20030918,290.5,106.8,332.1,31.2,0.329,21.129,( 54d),MPO 53763,8/29/2003,568,"S. S. Sheppard, D. C. Jewitt, J. Kleyna"
,2003 QO112,16.545,50.118,11.9,20030918,29.1,276.6,334.3,7,0.504,33.331,( 54d),MPO 53763,8/29/2003,568,"S. S. Sheppard, D. C. Jewitt, J. Kleyna"
,2003 QN112,16.743,33.488,12.9,20030918,341.9,220.1,148.5,7.9,0.333,25.115,( 54d),MPO 53763,8/29/2003,568,"S. S. Sheppard, D. C. Jewitt, J. Kleyna"
,2003 QM112,13.17,154,14.1,20030918,0.2,179,148.3,16.4,0.842,83.398,( 54d),MPO 53763,8/29/2003,568,"S. S. Sheppard, D. C. Jewitt, J. Kleyna"
,2003 QD112,7.939,30.027,11,20160113,76.8,273.8,0.7,14.5,0.582,18.983,4,MPO 252002,8/26/2003,807,M. W. Buie
,2003 QC112,17.369,26.736,8.7,20160113,276.9,329.2,158.2,16.7,0.212,22.052,( 60d),MPO 57933,8/24/2003,807,M. W. Buie
,2003 QY91,31.955,133,7.7,20030809,360,189.9,169,26.2,0.613,82.498,( 1d),MPO 50805,8/23/2003,807,M. W. Buie
,2003 QK91,38.468,95.959,6.8,20160113,355.6,69.2,276,4,0.428,67.213,6,MPO 339378,8/25/2003,807,M. W. Buie
,2003 OS33,32.96,106,7.8,20030630,9.6,163.1,131.5,20.7,0.526,69.52,( 57d),MPO 110979,7/31/2003,568,
,2003 LH7,12.002,21.925,12.5,20030521,359.8,4.4,244.8,21.2,0.292,16.964,( 1d),MPO 50768,6/1/2003,807,M. W. Buie
,2003 LA7,35.991,117,6.5,20160113,346.1,271.5,34.1,5.6,0.528,76.296,5,MPO 157383,6/1/2003,807,M. W. Buie
,2003 KQ20,8.515,12.61,13.1,20030521,359.7,357.7,252.1,5.7,0.194,10.563,( 1d),MPO 50767,5/30/2003,807,M. W. Buie
,2003 HB57,38.093,291,7.4,20160113,1.2,10.8,197.8,15.5,0.768,165,4,MPO 140115,4/26/2003,568,
,2003 FZ129,38.011,86.92,7.3,20160113,9.7,161.4,28,5.8,0.391,62.465,5,MPO 339377,3/24/2003,568,
,2003 FH129,27.745,116,8.3,20160113,20.4,297.3,171.5,18.7,0.613,71.74,5,MPO 335165,3/30/2003,695,M. W. Buie
,2002 VG131,12.55,25.66,11.3,20021122,33.6,99.8,213.4,21.2,0.343,19.105,( 26d),MPO 158444,11/9/2002,695,M. W. Buie
,2002 TK301,13.969,18.23,13.4,20020923,359.8,183,206.8,24.4,0.132,16.1,( 1d),MPO 38499,10/6/2002,568,"D. Kinoshita, K. Muroi"
,2002 QX47,15.9,34.77,8.7,20160113,57.5,3.3,276.1,7.3,0.372,25.335,6,MPO 273870,8/26/2002,644,"C. A. Trujillo, M. E. Brown"
,2002 PQ152,20.899,30.459,8.6,20160113,49.4,354.9,324.9,9.3,0.186,25.679,6,MPO 361097,8/12/2002,807,M. W. Buie
,2002 GG166,14.175,55.011,8,20160113,336.7,274.8,33,7.7,0.59,34.593,3,MPO 347157,4/9/2002,807,M. W. Buie
,2002 GP32,32.001,79.394,6.9,20160113,8.3,110.4,124,1.6,0.425,55.698,6,MPO 202389,4/6/2002,807,M. W. Buie
,2002 GB32,35.344,397,7.8,20160113,0.2,37,177,14.2,0.837,216,5,MPO 339371,4/7/2002,807,M. W. Buie
,2002 GA32,35.051,69.151,7.7,20160113,336.3,67.2,244.7,15.1,0.327,52.101,4,MPO 157365,4/6/2002,807,M. W. Buie
,2002 FY36,25.654,32.284,8.4,20020327,0.1,194.1,332.8,5.4,0.114,28.969,( 51d),MPO 31990,3/18/2002,695,M. W. Buie
,2002 CB249,13.899,42.943,9.8,20020215,0,168.2,353.5,14,0.511,28.421,( 35d),MPO 27862,2/7/2002,695,M. W. Buie
,2002 CA249,12.744,28.681,12,20020215,0.1,182.4,313.6,6.4,0.385,20.713,( 37d),MPO 27862,2/6/2002,695,M. W. Buie
,2002 CZ248,32.525,74.472,8,20160113,31.7,311.9,135.2,5.5,0.392,53.498,5,MPO 273868,2/6/2002,695,M. W. Buie
,2002 CP154,42.088,63.155,6.5,20160113,28.1,46.2,66.7,1.5,0.2,52.621,2,MPO 277884,2/6/2002,695,M. W. Buie
,2001 XZ255,15.538,16.492,11.1,20160113,175.6,285.2,77.8,2.6,0.03,16.015,2,MPO 48174,12/11/2001,568,"J. Kleyna, S. S. Sheppard, D. C. Jewitt"
,2001 XQ254,31.08,80.824,7.5,20160113,5.8,10.8,107.2,7.1,0.445,55.952,4,MPO 150915,12/10/2001,568,"D. C. Jewitt, S. S. Sheppard, J. Kleyna"
,2001 QX322,35.549,80.054,6.1,20160113,31.6,65,254.9,28.5,0.385,57.801,7,MPO 339368,8/19/2001,950,"P. Groot, G. A. Esquerdo, D. A. Schuster"
,2001 OM109,34.527,102,7.9,20160113,34.7,291.2,306.9,3.6,0.495,68.304,4,MPO 157350,7/26/2001,568,"J.-M. Petit, J. J. Kavelaars, M. J. Holman, B. Gladman"
,2001 OT108,32.428,101,9.2,20010710,360,177.3,129.3,1.4,0.516,66.951,( 1d),MPO 16127,7/25/2001,568,B. Gladman
,2001 KG77,33.946,89.685,8.1,20160113,2.5,15.2,250.5,15.5,0.451,61.815,3,MPO 48035,5/23/2001,807,M. W. Buie
,2001 KZ76,38.22,120,7.8,20010531,10.3,137.1,41.9,25.7,0.516,78.997,( 17d),MPO 14451,5/24/2001,807,M. W. Buie
,2001 KG76,33.981,69.547,6.2,20160113,60.1,64.3,96,1.6,0.344,51.764,4,MPO 157350,5/22/2001,807,M. W. Buie
,2001 FN194,34.989,98.918,8.3,20010312,360,181.9,0.1,7.4,0.477,66.954,( 9d),MPO 30455,3/22/2001,695,
,2001 FM194,34.321,74.742,7.6,20160113,353.6,43.9,181.7,28.6,0.371,54.531,6,MPO 339367,3/22/2001,695,
,2001 FK194,28.01,125,8.9,20010312,360,358.5,182.6,8.8,0.633,76.325,( 8d),MPO 41681,3/22/2001,695,
,2001 FJ194,36.993,95.012,7.6,20010312,360,175.1,5.7,10.4,0.44,66.002,( 9d),MPO 30455,3/22/2001,695,
,2001 FL193,40.243,60.218,8.7,20160113,15.7,107.7,74.7,1,0.199,50.23,2,MPO 340102,3/27/2001,695,"R. L. Allen, G. Bernstein, R. Malhotra"
,2000 YY1,29.78,97.717,7.1,20160113,340.9,292.7,209.8,7.9,0.533,63.748,2,MPO 22759,12/17/2000,695,"M. J. Holman, B. Gladman, T. Grav"
,2000 WW12,30.828,75.637,7.6,20160113,341.2,328.9,161.8,2.5,0.421,53.233,2,MPO 249860,11/24/2000,809,"B. Gladman, J.-M. Petit"
,2000 SU331,31.515,88.205,9.5,20000913,360,319.6,98.2,3.5,0.474,59.86,( 1d),MPO 6409,9/23/2000,568,B. Gladman
,2000 SS331,30.481,96.885,9.5,20000913,360,272.8,146.7,3,0.521,63.683,( 1d),MPO 6409,9/23/2000,568,B. Gladman
,2000 SR331,31.166,80.081,8.9,20160113,8.1,239.5,194.7,4.3,0.44,55.623,4,MPO 331226,9/23/2000,568,B. Gladman
,2000 SQ331,20.473,119,10.7,20000913,360,332.5,86,5.4,0.707,69.807,( 1d),MPO 6409,9/23/2000,568,B. Gladman
,2000 SM331,32.3,82.417,9,20000913,360,346.3,72.3,12,0.437,57.358,( 1d),MPO 6409,9/23/2000,568,B. Gladman
,2000 QK226,37.233,96.756,8.9,20000824,360,180.5,158.2,24.9,0.444,66.994,( 5d),MPO 41668,8/29/2000,809,"O. R. Hainaut, C. E. Delahodde"
,2000 PS30,34.981,93.94,8.8,20000804,0,243.5,72.9,2.8,0.457,64.46,( 1d),MPO 4979,8/7/2000,809,"B. Gladman, J.-M. Petit"
,2000 PH30,38.303,114,7.8,20160113,346.6,241.7,127.2,8.1,0.497,76.209,4,MPO 137919,8/5/2000,568,M. J. Holman
,2000 PF30,37.839,114,7.9,20160113,18.4,336.9,293.7,6.3,0.503,76.099,4,MPO 157344,8/5/2000,568,M. J. Holman
,2000 PE30,35.668,72.575,6.1,20160113,27.9,146.9,127.4,18.4,0.341,54.122,7,MPO 224582,8/5/2000,568,M. J. Holman
,2000 GQ148,5.085,7.313,13.2,20160113,20,145.7,354.3,17.1,0.18,6.199,6,MPO 339367,4/5/2000,704,LINEAR
,2000 GK147,30.963,83.714,9.2,20000406,13.4,141.9,1.6,6.1,0.46,57.338,( 35d),MPO 104136,4/2/2000,568,"C. A. Trujillo, S. S. Sheppard, D. C. Jewitt"
,2000 GM137,6.933,8.836,14.4,20160113,228.1,122.7,89.7,15.8,0.121,7.885,4,MPO 315178,4/2/2000,568,"S. S. Sheppard, D. C. Jewitt, C. A. Trujillo"
,2000 FZ53,12.384,35.22,11.4,20160113,76,291.6,202.3,34.8,0.48,23.802,3,MPO 41625,3/31/2000,568,"S. S. Sheppard, D. C. Jewitt, C. A. Trujillo"
,2000 CQ105,34.723,80.355,6.1,20160113,321.6,102.5,130.6,19.6,0.397,57.539,5,MPO 339366,2/5/2000,695,M. W. Buie
,2000 CP105,34.478,132,7.7,20000206,359.7,1.9,133.1,19.4,0.585,83.164,( 21d),MPC 39601,2/5/2000,695,M. W. Buie
,2000 CO104,20.633,27.839,10,20160113,58.1,139.4,353.2,3.1,0.149,24.236,4,MPO 339366,2/6/2000,695,M. W. Buie
,1999 RJ215,34.665,83.122,7.4,20160113,7.2,43.6,315,19.7,0.411,58.893,5,MPO 230178,9/7/1999,568,"C. A. Trujillo, D. C. Jewitt, J. X. Luu"
,1999 RZ214,36.658,132,7.8,20160113,17.3,114.1,214.5,20.5,0.564,84.124,4,MPO 357106,9/6/1999,568,"C. A. Trujillo, J. X. Luu, D. C. Jewitt"
,1999 RU214,36.535,74.425,7.3,20160113,54.9,107,137.9,4.3,0.341,55.48,4,MPO 230178,9/6/1999,568,"C. A. Trujillo, D. C. Jewitt, J. X. Luu"
,1999 JV127,10.719,22.729,10.4,19990502,179.4,0.1,3.1,25.5,0.359,16.724,( 8d),MPC 35120,5/10/1999,807,"R. L. Allen, G. Bernstein"
,1999 HD12,8.939,34.15,12.8,20160113,83.4,289.5,177.5,10.1,0.585,21.544,( 50d),MPO 261750,4/17/1999,695,"M. W. Buie, R. L. Millis"
,1999 DP8,34.741,197,8.9,19990211,13.9,283.5,136.9,38.4,0.7,116,( 1d),MPC 38800,2/16/1999,568,"B. Gladman, J. J. Kavelaars, A. Morbidelli, M. J. Holman"
,1999 DG8,33.012,131,8.1,19990211,33.6,72.7,323,40,0.598,82.215,( 1d),MPC 35444,2/16/1999,568,"B. Gladman, J. J. Kavelaars, A. Morbidelli, M. J. Holman"
,1999 CF119,38.717,142,7.2,20160113,2.2,200.2,303.4,19.7,0.572,90.372,7,MPO 357106,2/11/1999,568,"J. X. Luu, C. A. Trujillo, D. C. Jewitt"
,1999 CZ118,37.536,201,7.9,20160113,355.8,236.3,345.1,27.7,0.686,119,4,MPO 140084,2/10/1999,568,"D. C. Jewitt, C. A. Trujillo, J. X. Luu"
,1999 CY118,34.62,149,8.7,20160113,4.2,15.2,163.1,25.5,0.624,92.005,5,MPO 357105,2/10/1999,568,"D. C. Jewitt, C. A. Trujillo, J. X. Luu"
,1998 XY95,37.235,92.202,6.2,20160113,348.8,89.8,47.4,6.7,0.425,64.718,5,MPO 206039,12/12/1998,950,"A. Fitzsimmons, E. Fletcher"
,1996 RX33,19.009,28.728,9.3,19960914,0,200.5,145.4,9.4,0.204,23.868,( 13d),MPO 3876,9/8/1996,691,A. Gleason
,1996 AS20,13.565,58.009,9.3,19960118,9.7,265.5,183.7,10.6,0.621,35.787,( 13d),MPO 6192,1/14/1996,691,A. Gleason
,1996 AR20,5.703,24.893,14,20160113,128.8,108.4,329.9,6.2,0.627,15.298,( 13d),MPO 261748,1/12/1996,691,A. Gleason
,1995 SN55,7.938,39.19,6,19950920,180.2,49.3,144.6,5,0.663,23.564,( 36d),MPC 35068,9/20/1995,691,A. Gleason
,1994 TA,11.744,21.814,11.5,20160113,165.1,153.7,137.7,5.4,0.3,16.779,5,MPC 33073,10/2/1994,568,"J. Chen, D. C. Jewitt"
-451657,2012 WD36,37.375,116,6.9,20160113,336.8,293.9,177.4,23.7,0.511,76.45,5,MPO 361083,11/19/2012,* W8,4 DECam
-449097,2012 UT68,12.62,27.915,9.5,20160113,8.8,6.1,43.9,15.4,0.377,20.267,4,MPO 357094,10/22/2011,* F5,1 Mt. Lemmon Survey
-447178,2005 RO43,13.857,44.04,7.3,20160113,324.3,326.4,198.3,35.5,0.521,28.948,9,MPO 357070,9/3/2005,705,"A. C. Becker, A. W. Puckett, J. Kubica"
-445473,2010 VZ98,34.322,271,5.1,20160113,357.7,313.9,117.4,4.5,0.776,153,6,MPO 353563,11/11/2010,* 80,"9 D. L. Rabinowitz, M. Schwamb, S. Tourtellotte"
-437360,2013 TV158,36.455,185,6.3,20160113,358,232.2,181.1,31.2,0.671,111,4,MPO 357018,8/12/2013,* W8,4 Pan-STARRS 1
-437313,2013 EK73,5.392,20.702,13.2,20160113,17.3,49.5,141.2,9,0.587,13.047,4,MPO 342199,2/24/2012,* G9,6 Mt. Lemmon Survey
-434390,2005 CH81,37.632,73.928,8.2,20160113,8.8,15.8,122.8,5.1,0.325,55.78,5,MPO 335527,2/10/2005,* 56,8 Canada-France Ecliptic Plane Survey
-433873,2015 BQ311,5.058,9.188,12.3,20160113,157.3,221.7,117,24.5,0.29,7.123,10,MPO 339364,6/3/2006,* F5,1 Mt. Lemmon Survey
-427507,2002 DH5,14.006,30.234,10.1,20160113,60.6,328.2,156.9,22.5,0.367,22.12,5,MPO 327345,2/20/2002,691,Spacewatch
-418993,2009 MS9,11.002,684,9.9,20160113,0.2,128.7,220.2,68.1,0.968,348,5,MPO 360982,6/25/2009,568,"J.-M. Petit, B. Gladman, J. J. Kavelaars"
-413666,2005 VJ119,11.274,59.679,10.7,20160113,12,246,301.4,7,0.682,35.477,7,MPO 311735,11/7/2005,568,F. Bernardi
-395699,2012 GN12,9.461,20.858,10.7,20160113,36.9,171.9,350.8,12.6,0.376,15.159,9,MPO 339282,1/1/2008,* F5,1 Spacewatch
-389820,2011 WU92,5.56,12.308,13.1,20160113,32.3,23,101.4,6.4,0.378,8.934,5,MPO 339267,10/12/2010,* 69,1 Mt. Lemmon Survey
-386968,2012 BR61,11.676,31.849,9.5,20160113,357.6,158.1,24.4,2,0.463,21.762,6,MPO 339250,12/30/2008,* 69,1 Spacewatch
-385607,2005 EO297,41.187,85.556,7.2,20160113,13.7,349.7,144,25,0.35,63.371,5,MPO 282101,3/11/2005,695,M. W. Buie
-385528,2004 OR15,37.174,74.955,7.5,20160113,6.9,12.6,285.2,6.9,0.337,56.065,6,MPO 282079,7/22/2004,568,Canada-France Ecliptic Plane Survey
-382004,2010 RM64,6.171,33.649,11.2,20160113,13.1,291.8,113.9,27,0.69,19.91,6,MPO 360826,9/9/2010,809,"D. L. Rabinowitz, M. Schwamb, S. Tourtellotte"
-353222,2009 YD7,13.384,239,10,20160113,0.5,326.9,126.1,30.8,0.894,126,4,MPO 249684,12/16/2009,809,D. L. Rabinowitz
-349933,2009 YF7,6.511,17.734,10.9,20160113,337.6,89.3,97.5,31,0.463,12.122,5,MPO 356812,12/19/2009,809,D. L. Rabinowitz
(346889) Rhiphonos,2009 QV38,6.026,15.6,11.8,20160113,59.5,13.6,11.5,19.9,0.443,10.813,5,MPO 353097,8/28/2009,114,T. V. Kryachko
-342842,2008 YB3,6.503,16.741,9.3,20160113,44.2,330.9,112.5,105,0.44,11.622,6,MPO 334845,12/18/2008,E12,Siding Spring Survey
-341275,2007 RG283,15.265,24.558,8.6,20160113,331.7,149.6,311.9,28.8,0.233,19.912,8,MPO 321808,9/15/2007,675,Palomar
-336756,2010 NV1,9.41,637,10.6,20160113,0.3,132.9,136.2,140.8,0.971,323,7,MPO 345897,7/1/2010,C51,WISE
-332685,2009 HH36,7.04,18.277,10.9,20160113,18.9,240,72.2,23.3,0.444,12.658,7,MPO 348938,4/19/2009,691,Spacewatch
(330836) Orius,2009 HW77,12.463,30.562,9.9,20160113,32.3,140.7,50.4,17.9,0.421,21.512,7,MPO 339002,4/25/2009,69,"K. Cernis, I. Eglitis"
-328884,2010 LJ109,9.104,17.325,10.2,20160113,44.7,136.2,41.6,24.8,0.311,13.214,6,MPO 297635,2/17/2010,* C5,1 Mt. Lemmon Survey
-316179,2010 EN65,21.137,40.596,6.9,20160113,43.1,226,234.4,19.2,0.315,30.866,12,MPO 260660,3/7/2010,809,"D. Rabinowitz, S. Tourtellotte"
-315898,2008 QD4,5.453,11.364,11.3,20160113,79.7,68.9,344.7,42,0.351,8.409,7,MPO 338977,8/25/2008,J75,OAM
-310071,2010 KR59,13.002,47.561,7.8,20160113,12.6,108.6,46.8,19.6,0.571,30.282,8,MPO 338972,5/18/2010,C51,WISE
-309741,2008 UZ6,10.584,44.265,10.7,20160113,11.6,200,240.7,35.8,0.614,27.425,5,MPO 264777,10/22/2008,691,Spacewatch
-309737,2008 SJ236,6.181,15.765,12.3,20160113,61.2,183.4,234.5,6,0.437,10.973,8,MPO 288199,9/29/2008,691,Spacewatch
-309239,2007 RW10,21.116,39.202,6.6,20160113,67,95.7,187.1,36.2,0.3,30.159,8,MPO 338971,9/9/2007,675,Palomar
-309139,2006 XQ51,9.93,21.855,9.8,20160113,74.2,134.9,233.9,31.6,0.375,15.893,7,MPO 288199,12/14/2006,G96,Mt. Lemmon Survey
-308933,2006 SQ372,24.155,1445,8,20160113,0.2,122.3,197.3,19.5,0.967,735,5,MPO 338971,9/27/2006,705,"A. C. Becker, A. W. Puckett, J. Kubica"
-307982,2004 PG115,36.379,143,4.8,20160113,5.5,75.5,230.4,16.3,0.593,89.46,7,MPO 352885,8/4/2004,644,Palomar
-305543,2008 QY40,36.814,86.367,5.2,20160113,354.3,331.9,43.2,25.2,0.402,61.59,4,MPO 209375,8/25/2008,675,"M. E. Schwamb, M. E. Brown, D. Rabinowitz"
-303775,2005 QU182,36.828,184,3.5,20160113,13.9,223.7,78.4,14,0.667,111,10,MPO 208925,8/30/2005,644,Palomar
-281371,2008 FC76,10.174,19.211,9.2,20160113,11.6,142,245.7,27.1,0.308,14.693,8,MPO 360409,3/31/2008,G96,Mt. Lemmon Survey
-250112,2002 KY14,8.627,16.484,9.7,20160113,53.9,99.5,245.4,19.5,0.313,12.556,10,MPO 360276,5/19/2002,675,"C. A. Trujillo, M. E. Brown"
-248835,2006 SX368,11.956,32.094,9.5,20160113,19.7,70.6,280.1,36.3,0.457,22.025,7,MPO 241561,9/16/2006,705,"A. C. Becker, A. W. Puckett, J. Kubica"
-241097,2007 DU112,9.033,72.532,11.1,20160113,13.1,348.6,187,15.7,0.779,40.782,5,MPO 175808,2/23/2007,691,Spacewatch
-229762,2007 UK126,37.481,110,3.5,20160113,342.7,346.6,131.3,23.3,0.491,73.597,14,MPO 352416,10/19/2007,675,Palomar
-225088,2007 OR10,33.006,101,2.5,20160113,104.1,206.8,336.8,30.9,0.507,66.925,9,MPO 352393,7/17/2007,675,"M. E. Schwamb, M. E. Brown, D. Rabinowitz"
-187661,2007 JG43,14.255,33.662,9.3,20160113,26.9,173.6,62.5,33.1,0.405,23.959,6,MPO 138800,5/10/2007,675,"M. E. Schwamb, M. E. Brown, D. Rabinowitz"
-184212,2004 PB112,35.341,177,7.3,20160113,1.4,3.7,356.8,15.5,0.667,106,5,MPO 338424,8/13/2004,807,M. W. Buie
-183964,2004 DJ71,32.74,74.548,7.4,20160113,360,56.4,101.6,11.3,0.39,53.644,6,MPO 157328,2/26/2004,695,M. W. Buie
-182933,2002 GZ31,38.391,62.919,6.4,20160113,336.7,163.5,117.2,1.1,0.242,50.655,5,MPO 186770,4/6/2002,807,M. W. Buie
-182397,2001 QW297,39.345,63.55,5.9,20160113,66.7,107.4,141.1,17.1,0.235,51.448,5,MPO 157328,8/20/2001,807,M. W. Buie
-182223,2000 YC2,36.103,80.774,7.5,20160113,30.5,146.3,227.7,19.9,0.382,58.438,4,MPO 136227,12/17/2000,695,"M. J. Holman, B. Gladman, T. Grav"
-181902,1999 RD215,37.602,205,7.4,20160113,7.3,138.1,210.3,26,0.69,121,4,MPO 136118,9/6/1999,568,"C. A. Trujillo, J. X. Luu, D. C. Jewitt"
-181874,1999 HW11,39.19,66.936,6.8,20160113,40.3,324.9,198.4,17.2,0.261,53.063,5,MPO 186768,4/18/1999,695,Kitt Peak
-181867,1999 CV118,37.605,68.807,7.4,20160113,30.9,149,305.6,5.5,0.293,53.206,6,MPO 338413,2/10/1999,568,"D. C. Jewitt, C. A. Trujillo, J. X. Luu"
-160427,2005 RL43,23.476,25.481,8.3,20160113,73.8,169.4,162.7,12.3,0.041,24.479,8,MPO 359833,9/3/2005,705,"A. C. Becker, A. W. Puckett, J. Kubica"
-160148,2001 KV76,34.389,106,7.8,20160113,353.6,228.7,39.6,15.3,0.509,69.988,4,MPO 121425,5/24/2001,807,M. W. Buie
-149560,2003 QZ91,21.674,61.044,8.1,20160113,33.3,136.9,130.9,34.9,0.476,41.359,4,MPO 157316,8/24/2003,807,M. W. Buie
-148975,2001 XA255,9.336,48.729,11.1,20160113,12.8,90.5,105.9,12.6,0.678,29.033,9,MPO 232108,12/9/2001,568,"D. C. Jewitt, S. S. Sheppard, J. Kleyna"
-148209,2000 CR105,44.286,411,6.3,20160113,5.3,317.2,128.2,22.7,0.806,228,6,MPO 338257,2/6/2000,695,M. W. Buie
-145486,2005 UJ438,8.281,27.263,10.8,20160113,26.5,208.5,263,3.8,0.534,17.772,13,MPO 333906,10/28/2005,691,Spacewatch
-145480,2005 TB190,46.197,104,4.6,20160113,359.5,171.5,180.4,26.5,0.385,75.159,11,MPO 356071,10/11/2005,705,"A. C. Becker, A. W. Puckett, J. Kubica"
-145474,2005 SA278,33.014,151,6.2,20160113,351.4,277.2,170.4,16.3,0.642,92.118,10,MPO 338242,9/27/2005,705,"A. C. Becker, A. W. Puckett, J. Kubica"
-145451,2005 RM43,35.128,146,4.4,20160113,4.6,318.5,84.6,28.8,0.611,90.409,14,MPO 359745,9/9/2005,705,"A. C. Becker, A. W. Puckett, J. Kubica"
-143707,2003 UY117,32.478,78.138,6.1,20160113,9.9,112.5,265.2,7.5,0.413,55.308,9,MPO 320560,10/22/2003,691,Spacewatch
-136204,2003 WL7,14.966,25.453,8.6,20160113,18.5,71.1,4.8,11.2,0.259,20.21,11,MPO 320501,11/16/2003,291,Spacewatch
(136199) Eris,2003 UB313,37.767,97.614,-1.2,20160113,204.5,151.2,35.9,44.1,0.442,67.69,24,MPO 359694,10/21/2003,644,"M. E. Brown, C. A. Trujillo, D. L. Rabinowitz"
-136120,2003 LG7,32.398,92.603,7.9,20160113,14.2,342.1,238.3,20.1,0.482,62.501,5,MPO 351816,6/1/2003,807,M. W. Buie
-135571,2002 GG32,35.875,75.157,7.2,20160113,353.5,230.6,35.7,14.7,0.354,55.516,4,MPO 157308,4/8/2002,807,M. W. Buie
-134210,2005 PQ21,37.614,85.557,6.8,20160113,6.3,22,316.4,6.5,0.389,61.585,7,MPO 338171,8/9/2005,807,Cerro Tololo
-131696,2001 XT254,35.892,70.888,7.4,20160113,360,133.3,359.6,0.5,0.328,53.39,5,MPO 273203,12/9/2001,568,"S. S. Sheppard, J. Kleyna, D. C. Jewitt"
-127546,2002 XU93,21.006,114,8,20160113,4.7,28.2,90.3,77.9,0.69,67.734,7,MPO 198805,12/4/2002,695,M. W. Buie
-126619,2002 CX154,38.029,107,7.1,20160113,12.5,161.8,346.9,15.9,0.474,72.295,5,MPO 140080,2/6/2002,695,M. W. Buie
-121725,1999 XX143,9.72,26.273,8.6,20160113,200.7,215.8,103.8,6.8,0.46,17.996,5,MPO 338109,12/13/1999,696,C. W. Hergenrother
-120061,2003 CO1,10.911,30.635,8.9,20160113,35.6,116.3,78.5,19.7,0.475,20.773,10,MPO 338101,2/1/2003,644,NEAT
-119976,2002 VR130,14.766,33.237,11.1,20160113,32.1,219.1,181.9,3.5,0.385,24.001,6,MPO 351693,11/7/2002,695,M. W. Buie
-119878,2002 CY224,35.325,73.383,6.1,20160113,22.2,152.2,317,15.7,0.35,54.354,7,MPO 338100,2/7/2002,695,M. W. Buie
-119315,2001 SQ73,14.428,20.5,9.6,20160113,113.3,304,16.3,17.4,0.174,17.464,5,MPO 157301,9/19/2001,691,Spacewatch
-119068,2001 KC77,35.384,75.17,6.7,20160113,13.4,179.8,57.8,12.9,0.36,55.277,4,MPO 88168,5/23/2001,807,M. W. Buie
-118702,2000 OM67,39.165,156,6.8,20160113,10.2,348.4,327.2,23.4,0.598,97.367,5,MPO 157301,7/31/2000,807,"M. W. Buie, S. D. Kern"
-95626,2002 GZ32,18.016,28.263,7.1,20160113,348.8,154.8,107.2,15,0.221,23.14,15,MPO 341263,4/13/2002,568,Mauna Kea
-95625,2002 GX32,33.084,73.644,7.4,20160113,17.6,185.8,28.1,13.9,0.38,53.364,5,MPO 157288,4/8/2002,807,"M. W. Buie, A. B. Jordan, J. L. Elliot"
-91554,1999 RZ215,30.936,170,7.9,20160113,6.2,335.4,341.7,25.6,0.693,101,6,MPO 157287,9/8/1999,568,"J. X. Luu, C. A. Trujillo, D. C. Jewitt"
(90377) Sedna,2003 VB12,76.045,939,1.6,20160113,358.1,311.5,144.5,11.9,0.85,507,13,MPO 359374,11/14/2003,675,"M. E. Brown, C. A. Trujillo, D. L. Rabinowitz"
-88269,2001 KF77,19.787,32.203,9.5,20160113,356.5,266,14.5,4.4,0.239,25.995,5,MPO 157286,5/22/2001,807,M. W. Buie
-87555,2000 QB243,15.2,54.33,8.3,20160113,41.7,284.1,330.2,6.8,0.563,34.765,5,MPO 164103,8/25/2000,807,Cerro Tololo
-87269,2000 OO67,20.773,1015,9.2,20160113,0.3,212.3,142.4,20.1,0.96,518,5,MPO 157286,7/29/2000,807,Cerro Tololo
-84522,2002 TC302,38.976,71.562,3.8,20160113,322.1,87.1,23.9,35.1,0.295,55.269,11,MPO 355722,10/9/2002,644,Palomar
(83982) Crantor,2002 GO9,14.017,24.779,8.8,20160113,57.5,92.7,117.4,12.8,0.277,19.398,9,MPO 302490,4/12/2002,644,NEAT
-82158,2001 FP185,34.252,417,6.2,20160113,1.3,7,179.3,30.8,0.848,226,8,MPO 337875,3/26/2001,695,M. W. Buie
-82155,2001 FZ173,32.402,141,6.1,20160113,2.3,199.3,2.4,12.7,0.627,86.855,7,MPO 337875,3/24/2001,691,Spacewatch
-82075,2000 YW134,41.241,75.224,4.9,20160113,29.6,317.1,126.9,19.8,0.292,58.232,9,MPO 351420,12/26/2000,691,Spacewatch
-79978,1999 CC158,39.208,69.322,5.7,20160113,42.1,102.6,337,18.7,0.277,54.265,8,MPO 337859,2/15/1999,568,"D. C. Jewitt, C. A. Trujillo, J. X. Luu, S. S. Sheppard"
-73480,2002 PN34,13.314,48.257,8.5,20160113,29.9,358.1,299.2,16.6,0.568,30.785,10,MPO 313943,8/6/2002,644,NEAT
-69988,1998 WA31,31.534,78.442,7.4,20160113,43.4,309.4,20.8,9.5,0.427,54.988,5,MPO 337790,11/18/1998,695,M. W. Buie
(65489) Ceto,2003 FX128,17.85,188,6.4,20160113,9.1,320.1,171.9,22.3,0.826,103,14,MPO 337762,3/22/2003,644,"C. A. Trujillo, M. E. Brown"
-63252,2001 BL41,6.864,12.61,11.7,20160113,213.2,132.3,281,12.5,0.295,9.737,4,MPO 45478,1/19/2001,691,Spacewatch
-60621,2000 FE8,33.11,78.604,6.9,20160113,28.9,143.9,3.9,5.9,0.407,55.857,5,MPO 157275,3/27/2000,568,"J. J. Kavelaars, B. Gladman, J.-M. Petit, M. J. Holman"
-60608,2000 EE173,22.597,77.206,8.5,20160113,8.9,235.7,294,5.9,0.547,49.902,7,MPO 337733,3/3/2000,695,"J. X. Luu, C. A. Trujillo, W. Evans"
(60558) Echeclus,2000 EC98,5.817,15.544,9.6,20160113,7.5,162.9,173.3,4.3,0.455,10.68,17,MPO 359158,3/3/2000,691,Spacewatch
-60458,2000 CM114,35.498,84.822,6.7,20160113,340.6,251,312.3,19.7,0.41,60.16,7,MPO 337732,2/5/2000,695,M. W. Buie
(55576) Amycus,2002 GB10,15.178,35.017,7.8,20160113,37,239.2,315.5,13.4,0.395,25.097,9,MPO 130071,4/8/2002,644,NEAT
(54598) Bienor,2000 QC243,13.157,19.802,7.5,20160113,295.2,153.1,337.9,20.8,0.202,16.48,16,MPO 359113,8/27/2000,807,Deep Ecliptic Survey
-54520,2000 PJ30,28.512,217,8,20160113,11.5,303.4,293.3,5.7,0.767,123,4,MPO 39448,8/5/2000,568,M. J. Holman
(52975) Cyllarus,1998 TF35,16.322,36.07,9.4,20160113,70.8,301.3,52,12.6,0.377,26.196,5,MPO 157273,10/12/1998,691,N. Danzl
(52872) Okyrhoe,1998 SG35,5.788,10.908,10.8,20160113,118.9,337.8,173,15.7,0.307,8.348,15,MPO 263768,9/19/1998,691,Spacewatch
(49036) Pelion,1998 QM107,17.221,22.627,10.4,20160113,94.9,152.1,127,9.3,0.136,19.924,6,MPO 157272,8/21/1998,568,"R. J. Whiteley, D. J. Tholen"
-48639,1995 TL8,40.088,64.552,5.4,20160113,42.7,83.9,260.8,0.2,0.234,52.32,6,MPO 153992,10/15/1995,691,A. Gleason
-44594,1999 OX3,17.574,46.59,7.3,20160113,343.9,144.6,259.2,2.6,0.452,32.082,13,MPO 355461,7/21/1999,568,"J. J. Kavelaars, B. Gladman, M. J. Holman, J.-M. Petit"
(42355) Typhon,2002 CR46,17.546,58.983,7.5,20160113,14.6,159.3,351.9,2.4,0.541,38.265,16,MPO 337598,2/5/2002,644,NEAT
-42301,2001 UR163,36.838,65.901,4.5,20160113,77.6,342.3,302.1,0.8,0.283,51.37,10,MPO 337598,10/21/2001,695,Deep Ecliptic Survey
-38084,1999 HB12,32.57,79.65,7.4,20160113,357.5,66.3,166.3,13.1,0.42,56.11,7,MPO 358978,4/18/1999,695,"M. W. Buie, R. Millis"
-33128,1998 BU48,20.655,46.228,7.1,20160113,71.2,283.2,132.7,14.2,0.382,33.441,6,MPO 355375,1/22/1998,691,N. Danzl
(32532) Thereus,2001 PT13,8.569,12.744,9.1,20160113,175.7,86.4,205.3,20.4,0.196,10.657,16,MPO 351055,8/9/2001,644,NEAT
(31824) Elatus,1999 UG5,7.329,16.303,10.1,20160113,155.8,281.9,87.1,5.2,0.38,11.816,11,MPO 257086,10/29/1999,703,CSS
-29981,1999 TD10,12.317,180,8.7,20160113,6.2,172.6,184.8,6,0.872,96.144,9,MPO 337509,10/3/1999,691,Spacewatch
-26375,1999 DE9,32.342,79.668,5,20160113,25.4,160.2,322.9,7.6,0.423,56.005,10,MPO 337482,2/20/1999,695,"C. A. Trujillo, J. X. Luu"
-26181,1996 GQ21,38.239,151,5.2,20160113,10.2,356.6,194.1,13.3,0.595,94.5,11,MPO 186517,4/12/1996,691,N. Danzl
-15874,1996 TL66,35.057,132,5.4,20160113,6.8,184.8,217.8,24,0.58,83.417,11,MPO 244327,10/9/1996,568,"C. A. Trujillo, D. C. Jewitt, J. X. Luu, J. Chen"
(10370) Hylonome,1995 DW2,18.852,31.299,8.6,20160113,59.2,6.3,178.1,4.1,0.248,25.075,6,MPO 186498,2/27/1995,568,"D. C. Jewitt, J. X. Luu"
(10199) Chariklo,1997 CU26,13.066,18.511,6.6,20160113,68.9,242.2,300.4,23.4,0.172,15.789,18,MPO 340772,2/15/1997,691,Spacewatch
(8405) Asbolus,1995 GO,6.844,29.128,9.1,20160113,63.6,290.2,6.2,17.6,0.619,17.986,16,MPO 210403,4/5/1995,691,Spacewatch
(7066) Nessus,1993 HA2,11.757,37.251,9.6,20160113,71,170.4,31.2,15.7,0.52,24.504,9,MPO 135426,4/26/1993,691,Spacewatch
(5145) Pholus,1992 AD,8.701,32.032,7.1,20160113,95.1,355.1,119.3,24.7,0.573,20.367,21,MPO 337296,1/9/1992,691,Spacewatch
(2060) Chiron,1977 UB,8.418,18.856,6,20160113,142.2,339.5,209.2,6.9,0.383,13.637,46,MPO 358647,10/18/1977,675,C. T. Kowal
